municipality_upper,median_income,,coord,municipality
"AARTSELAAR","32.968","","51.1319 4.3827","Aartselaar"
"ANTWERPEN","25.893","","51.2609 4.3695","Antwerpen"
"BOECHOUT","32.549","","51.1605 4.5105","Boechout"
"BOOM","28.249","","51.0937 4.3731","Boom"
"BORSBEEK","28.578","","51.1915 4.488","Borsbeek"
"BRASSCHAAT","31.957","","51.31 4.4995","Brasschaat"
"BRECHT","32.453","","51.329 4.594","Brecht"
"EDEGEM","32.405","","51.159 4.4305","Edegem"
"ESSEN","30.751","","51.4485 4.4635","Essen"
"HEMIKSEM","30.703","","51.1455 4.3405","Hemiksem"
"HOVE","34.341","","51.1474 4.482","Hove"
"KALMTHOUT","32.587","","51.3988 4.4689","Kalmthout"
"KAPELLEN","33.113","","51.3339 4.4438","Kapellen"
"KONTICH","33.479","","51.1237 4.4445","Kontich"
"LINT","33.262","","51.129 4.511","Lint"
"MORTSEL","31.521","","51.1746 4.4612","Mortsel"
"NIEL","31.296","","51.1055 4.3395","Niel"
"RANST","32.970","","51.1927 4.5907","Ranst"
"RUMST","32.839","","51.0938 4.4214","Rumst"
"SCHELLE","32.350","","51.1226 4.3429","Schelle"
"SCHILDE","33.464","","51.2561 4.5814","Schilde"
"SCHOTEN","31.498","","51.2642 4.5083","Schoten"
"STABROEK","32.444","","51.327 4.3715","Stabroek"
"WIJNEGEM","31.356","","51.2296 4.5168","Wijnegem"
"WOMMELGEM","31.528","","51.205 4.522","Wommelgem"
"WUUSTWEZEL","31.743","","51.3855 4.5545","Wuustwezel"
"ZANDHOVEN","31.804","","51.2114 4.6793","Zandhoven"
"ZOERSEL","32.903","","51.2565 4.6455","Zoersel"
"ZWIJNDRECHT","30.181","","51.224 4.3235","Zwijndrecht"
"MALLE","31.396","","51.2934 4.7135","Malle"
"BERLAAR","31.190","","51.1072 4.6561","Berlaar"
"BONHEIDEN","34.260","","51.0185 4.569","Bonheiden"
"BORNEM","32.455","","51.0915 4.2055","Bornem"
"DUFFEL","31.754","","51.095 4.487","Duffel"
"HEIST-OP-DEN-BERG","31.251","","51.063 4.723","Heist-op-den-Berg"
"LIER","30.101","","51.1195 4.5745","Lier"
"MECHELEN","30.550","","51.0288 4.4503","Mechelen"
"NIJLEN","32.066","","51.1515 4.6855","Nijlen"
"PUTTE","32.306","","51.0506 4.6364","Putte"
"SINT-KATELIJNE-WAVER","32.853","","51.0625 4.5455","Sint-Katelijne-Waver"
"WILLEBROEK","29.560","","51.05 4.357","Willebroek"
"PUURS-SINT-AMANDS","33.176","","51.0645 4.2995","Puurs-Sint-Amands"
"ARENDONK","31.119","","51.3346 5.0854","Arendonk"
"BAARLE-HERTOG","29.085","","51.405 4.902","Baarle-Hertog"
"BALEN","31.219","","51.1586 5.1829","Balen"
"BEERSE","32.324","","51.3145 4.8231","Beerse"
"DESSEL","30.704","","51.2415 5.122","Dessel"
"GEEL","31.399","","51.166 4.972","Geel"
"GROBBENDONK","32.054","","51.1798 4.7391","Grobbendonk"
"HERENTALS","30.955","","51.1638 4.8276","Herentals"
"HERENTHOUT","30.826","","51.1391 4.7599","Herenthout"
"HERSELT","31.163","","51.0474 4.8829","Herselt"
"HOOGSTRATEN","30.818","","51.4405 4.7315","Hoogstraten"
"HULSHOUT","31.699","","51.0629 4.8123","Hulshout"
"KASTERLEE","31.932","","51.241 4.908","Kasterlee"
"LILLE","31.894","","51.253 4.834","Lille"
"MEERHOUT","31.447","","51.1246 5.0735","Meerhout"
"MERKSPLAS","31.682","","51.3704 4.8702","Merksplas"
"MOL","31.052","","51.2336 5.1527","Mol"
"OLEN","32.275","","51.1636 4.8854","Olen"
"OUD-TURNHOUT","31.623","","51.3208 5.0044","Oud-Turnhout"
"RAVELS","31.015","","51.4151 5.0261","Ravels"
"RETIE","31.574","","51.258 5.056","Retie"
"RIJKEVORSEL","30.917","","51.353 4.757","Rijkevorsel"
"TURNHOUT","28.231","","51.3285 4.937","Turnhout"
"VORSELAAR","31.585","","51.2177 4.773","Vorselaar"
"VOSSELAAR","32.978","","51.3055 4.8849","Vosselaar"
"WESTERLO","31.605","","51.1064 4.8818","Westerlo"
"LAAKDAL","32.080","","51.0755 4.9695","Laakdal"
"ANDERLECHT","21.975","","50.8288 4.2926","Anderlecht"
"OUDERGHEM","32.122","","50.8103 4.4374","Oudergem"
"SINT-AGATHA-BERCHEM","25.270","","50.8645 4.2941","Sint-Agatha-Berchem"
"BRUSSEL","23.423","","50.8729 4.3752","Brussel"
"ETTERBEEK","28.731⁽¹⁾","","50.833 4.3947","Etterbeek"
"EVERE","24.939","","50.869 4.407","Evere"
"VORST","24.939","","50.8142 4.3243","Vorst"
"GANSHOREN","24.425","","50.8744 4.3095","Ganshoren"
"ELSENE","28.659⁽¹⁾","","50.8215 4.3795","Elsene"
"JETTE","24.679","","50.8816 4.3214","Jette"
"KOEKELBERG","22.781","","50.863 4.3241","Koekelberg"
"SINT-JANS-MOLENBEEK","21.279","","50.8551 4.3182","Sint-Jans-Molenbeek"
"SINT-GILLIS","24.226","","50.8296 4.3447","Sint-Gillis"
"SINT-JOOST-TEN-NODE","20.815","","50.8535 4.3745","Sint-Joost-ten-Node"
"SCHAARBEEK","23.392","","50.862 4.385","Schaarbeek"
"UKKEL","29.887","","50.7899 4.3614","Ukkel"
"WATERMAAL-BOSVOORDE","29.546","","50.7928 4.4236","Watermaal-Bosvoorde"
"SINT-LAMBRECHTS-WOLUWE","31.215","","50.8485 4.431","Sint-Lambrechts-Woluwe"
"SINT-PIETERS-WOLUWE","33.796","","50.8335 4.4505","Sint-Pieters-Woluwe"
"ASSE","30.150","","50.9085 4.1745","Asse"
"BEERSEL","32.641","","50.7504 4.3019","Beersel"
"BEVER","32.635","","50.711 3.9315","Bever"
"DILBEEK","31.547","","50.8534 4.234","Dilbeek"
"GALMAARDEN","33.203","","50.7505 3.9915","Galmaarden"
"GOOIK","33.343","","50.7809 4.0958","Gooik"
"GRIMBERGEN","31.136","","50.9445 4.3764","Grimbergen"
"HALLE","30.704","","50.7264 4.237","Halle"
"HERNE","33.130","","50.7225 4.0375","Herne"
"HOEILAART","34.679","","50.7612 4.4509","Hoeilaart"
"KAMPENHOUT","34.295","","50.94 4.544","Kampenhout"
"KAPELLE-OP-DEN-BOS","32.547","","51 4.355","Kapelle-op-den-Bos"
"LIEDEKERKE","30.549","","50.8667 4.0932","Liedekerke"
"LONDERZEEL","32.989","","51.0107 4.2765","Londerzeel"
"MACHELEN","28.759","","50.9027 4.444","Machelen"
"MEISE","32.902","","50.961 4.3158","Meise"
"MERCHTEM","32.217","","50.9514 4.2471","Merchtem"
"OPWIJK","32.652","","50.9605 4.1715","Opwijk"
"OVERIJSE","34.907","","50.7713 4.5328","Overijse"
"PEPINGEN","33.795","","50.7442 4.1477","Pepingen"
"SINT-PIETERS-LEEUW","29.251","","50.7885 4.2435","Sint-Pieters-Leeuw"
"STEENOKKERZEEL","33.280","","50.9209 4.4992","Steenokkerzeel"
"TERNAT","32.637","","50.8655 4.1795","Ternat"
"VILVOORDE","28.730","","50.9302 4.4337","Vilvoorde"
"ZAVENTEM","31.337","","50.8711 4.4866","Zaventem"
"ZEMST","34.966","","50.978 4.449","Zemst"
"ROOSDAAL","33.516","","50.835 4.096","Roosdaal"
"DROGENBOS","28.328","","50.7934 4.309","Drogenbos"
"KRAAINEM","36.078","","50.8456 4.4714","Kraainem"
"LINKEBEEK","31.678","","50.7679 4.3454","Linkebeek"
"SINT-GENESIUS-RODE","33.190","","50.7443 4.3734","Sint-Genesius-Rode"
"WEMMEL","29.678","","50.909 4.3085","Wemmel"
"WEZEMBEEK-OPPEM","35.220","","50.844 4.4935","Wezembeek-Oppem"
"LENNIK","33.171","","50.8133 4.1636","Lennik"
"AFFLIGEM","32.936","","50.9042 4.1159","Affligem"
"AARSCHOT","31.719","","50.989 4.8646","Aarschot"
"BEGIJNENDIJK","32.778","","51.007 4.7846","Begijnendijk"
"BEKKEVOORT","32.793","","50.9345 4.9779","Bekkevoort"
"BERTEM","34.516","","50.8539 4.6097","Bertem"
"BIERBEEK","35.066","","50.83 4.7673","Bierbeek"
"BOORTMEERBEEK","34.809","","50.9805 4.5625","Boortmeerbeek"
"BOUTERSEM","34.882","","50.831 4.837","Boutersem"
"DIEST","30.968","","50.9965 5.0485","Diest"
"GEETBETS","31.176","","50.8915 5.1312","Geetbets"
"HAACHT","33.688","","50.964 4.6414","Haacht"
"HERENT","34.980","","50.9125 4.6325","Herent"
"HOEGAARDEN","34.241","","50.7791 4.8766","Hoegaarden"
"HOLSBEEK","35.160","","50.93 4.815","Holsbeek"
"HULDENBERG","34.443","","50.7897 4.6119","Huldenberg"
"KEERBERGEN","34.968","","51.0052 4.6543","Keerbergen"
"KORTENAKEN","32.565","","50.8895 5.0125","Kortenaken"
"KORTENBERG","33.796","","50.89 4.5689","Kortenberg"
"LANDEN","31.405","","50.7547 5.0617","Landen"
"LEUVEN","32.156","","50.8821 4.7058","Leuven"
"LUBBEEK","34.561","","50.882 4.8287","Lubbeek"
"OUD-HEVERLEE","35.744","","50.8215 4.7235","Oud-Heverlee"
"ROTSELAAR","34.649","","50.957 4.757","Rotselaar"
"TERVUREN","35.506","","50.831 4.558","Tervuren"
"TIENEN","29.950","","50.808 4.936","Tienen"
"TREMELO","32.939","","50.9992 4.7267","Tremelo"
"ZOUTLEEUW","31.179","","50.8351 5.1011","Zoutleeuw"
"LINTER","32.470","","50.822 5.043","Linter"
"SCHERPENHEUVEL-ZICHEM","31.472","","50.9995 4.962","Scherpenheuvel-Zichem"
"TIELT-WINGE","32.520","","50.9215 4.8845","Tielt-Winge"
"GLABBEEK","34.044","","50.867 4.9495","Glabbeek"
"BEVEKOM","32.801","","50.7761 4.7646","Bevekom"
"EIGENBRAKEL","32.147","","50.6733 4.3547","Eigenbrakel"
"KASTEELBRAKEL","32.182","","50.6795 4.2575","Kasteelbrakel"
"CHAUMONT-GISTOUX","33.745","","50.6875 4.6975","Chaumont-Gistoux"
"COURT-SAINT-ETIENNE","31.459","","50.6265 4.5626","Court-Saint-Etienne"
"GENEPIEN","31.783","","50.6101 4.4563","Genepien"
"GRAVEN","31.879","","50.7483 4.688","Graven"
"INCOURT","31.979","","50.6991 4.7814","Incourt"
"ITTER","31.794","","50.6426 4.2578","Itter"
"GELDENAKEN","30.232","","50.7283 4.8604","Geldenaken"
"TERHULPEN","32.604","","50.7363 4.4646","Terhulpen"
"MONT-SAINT-GUIBERT","32.964","","50.635 4.617","Mont-Saint-Guibert"
"NIJVEL","30.332","","50.5969 4.3323","Nijvel"
"PERWIJS","31.780","","50.6345 4.7795","Perwijs"
"RIXENSART","33.179","","50.722 4.504","Rixensart"
"TUBEKE","28.674","","50.6902 4.1905","Tubeke"
"VILLERS-LA-VILLE","32.740","","50.5623 4.5266","Villers-la-Ville"
"WATERLOO","32.582","","50.7095 4.4037","Waterloo"
"WAVER","30.397","","50.7158 4.5932","Waver"
"CHASTRE","33.093","","50.5894 4.6231","Chastre"
"HELECINE","31.396","","50.7465 4.9965","Hélécine"
"LASNE","33.265","","50.6823 4.4615","Lasne"
"ORP-JAUCHE","31.400","","50.6898 4.9632","Orp-Jauche"
"OTTIGNIES-LOUVAIN-LA-NEUVE","30.077","","50.6725 4.5625","Ottignies-Louvain-la-Neuve"
"RAMILLIES","32.216","","50.6595 4.886","Ramillies"
"REBECQ","30.055","","50.6714 4.1304","Rebecq"
"WALHAIN","33.487","","50.6313 4.6973","Walhain"
"BEERNEM","32.096","","51.15 3.342","Beernem"
"BLANKENBERGE","27.996","","51.302 3.1405","Blankenberge"
"BRUGGE","31.129","","51.2605 3.222","Brugge"
"DAMME","31.859","","51.2522 3.3274","Damme"
"JABBEKE","33.043","","51.191 3.087","Jabbeke"
"OOSTKAMP","32.708","","51.1193 3.2303","Oostkamp"
"TORHOUT","30.973","","51.059 3.089","Torhout"
"ZEDELGEM","32.377","","51.1255 3.1365","Zedelgem"
"ZUIENKERKE","32.088","","51.252 3.128","Zuienkerke"
"KNOKKE-HEIST","29.855","","51.3325 3.3077","Knokke-Heist"
"DIKSMUIDE","30.047","","51.0455 2.847","Diksmuide"
"HOUTHULST","30.479","","50.9701 2.8963","Houthulst"
"KOEKELARE","30.261","","51.089 2.9639","Koekelare"
"KORTEMARK","30.454","","51.0248 3.0018","Kortemark"
"LO-RENINGE","30.288","","50.9605 2.776","Lo-Reninge"
"IEPER","30.013","","50.8665 2.8415","Ieper"
"MESEN","27.010","","50.76 2.899","Mesen"
"POPERINGE","29.618","","50.866 2.67","Poperinge"
"WERVIK","29.315","","50.8102 3.0565","Wervik"
"ZONNEBEKE","30.986","","50.8645 3.0025","Zonnebeke"
"HEUVELLAND","29.676","","50.7756 2.8303","Heuvelland"
"LANGEMARK-POELKAPELLE","30.937","","50.9159 2.9294","Langemark-Poelkapelle"
"VLETEREN","29.687","","50.9195 2.7275","Vleteren"
"ANZEGEM","32.050","","50.8308 3.454","Anzegem"
"AVELGEM","30.518","","50.7777 3.4536","Avelgem"
"DEERLIJK","32.116","","50.8426 3.3662","Deerlijk"
"HARELBEKE","30.483","","50.8638 3.3074","Harelbeke"
"KORTRIJK","29.713","","50.8 3.2645","Kortrijk"
"KUURNE","30.643","","50.86 3.271","Kuurne"
"LENDELEDE","31.485","","50.885 3.2305","Lendelede"
"MENEN","28.165","","50.7935 3.1965","Menen"
"WAREGEM","30.938","","50.878 3.419","Waregem"
"WEVELGEM","31.252","","50.8314 3.1738","Wevelgem"
"ZWEVEGEM","31.412","","50.7825 3.3815","Zwevegem"
"SPIERE-HELKIJN","29.177","","50.7306 3.3625","Spiere-Helkijn"
"BREDENE","30.445","","51.239 2.9765","Bredene"
"GISTEL","31.469","","51.1511 2.9432","Gistel"
"ICHTEGEM","31.208","","51.11 3.0305","Ichtegem"
"MIDDELKERKE","28.911","","51.1534 2.8384","Middelkerke"
"OOSTENDE","27.635","","51.2155 2.921","Oostende"
"OUDENBURG","31.281","","51.1862 3.012","Oudenburg"
"DE HAAN","29.606","","51.2618 3.0475","De Haan"
"HOOGLEDE","31.738","","50.9895 3.0824","Hooglede"
"INGELMUNSTER","31.087","","50.9215 3.2635","Ingelmunster"
"IZEGEM","30.551","","50.9211 3.2055","Izegem"
"LEDEGEM","31.007","","50.8705 3.1175","Ledegem"
"LICHTERVELDE","31.835","","51.028 3.1462","Lichtervelde"
"MOORSLEDE","30.621","","50.8825 3.0725","Moorslede"
"ROESELARE","29.962","","50.9369 3.1336","Roeselare"
"STADEN","30.691","","50.9575 3.0005","Staden"
"DENTERGEM","31.472","","50.9532 3.4065","Dentergem"
"MEULEBEKE","30.808","","50.951 3.295","Meulebeke"
"OOSTROZEBEKE","30.786","","50.9306 3.3372","Oostrozebeke"
"PITTEM","30.759","","51.001 3.259","Pittem"
"RUISELEDE","32.053","","51.0625 3.3655","Ruiselede"
"TIELT","30.402","","51.0075 3.3325","Tielt"
"WIELSBEKE","31.166","","50.912 3.3674","Wielsbeke"
"WINGENE","31.671","","51.0595 3.2598","Wingene"
"ARDOOIE","30.669","","50.9816 3.203","Ardooie"
"ALVERINGEM","30.483","","50.9755 2.6585","Alveringem"
"DE PANNE","28.188","","51.0808 2.5884","De Panne"
"KOKSIJDE","30.110","","51.1155 2.6795","Koksijde"
"NIEUWPOORT","28.088","","51.125 2.7648","Nieuwpoort"
"VEURNE","30.035","","51.0466 2.6648","Veurne"
"AALST","29.973","","50.9446 4.0687","Aalst"
"DENDERLEEUW","30.485","","50.888 4.0595","Denderleeuw"
"GERAARDSBERGEN","30.359","","50.7796 3.904","Geraardsbergen"
"HAALTERT","32.194","","50.8846 3.9933","Haaltert"
"HERZELE","32.551","","50.8703 3.8924","Herzele"
"LEDE","32.357","","50.9675 3.9655","Lede"
"NINOVE","30.321","","50.8261 4.0049","Ninove"
"SINT-LIEVENS-HOUTEM","33.593","","50.931 3.8758","Sint-Lievens-Houtem"
"ZOTTEGEM","32.456","","50.864 3.801","Zottegem"
"ERPE-MERE","32.489","","50.9215 3.9519","Erpe-Mere"
"BERLARE","31.636","","51.039 3.963","Berlare"
"BUGGENHOUT","32.374","","51.0119 4.1988","Buggenhout"
"DENDERMONDE","30.778","","51.0285 4.1275","Dendermonde"
"HAMME","30.210","","51.0782 4.1397","Hamme"
"LAARNE","33.114","","51.0465 3.9115","Laarne"
"LEBBEKE","31.570","","50.9924 4.119","Lebbeke"
"WAASMUNSTER","32.331","","51.1185 4.0395","Waasmunster"
"WETTEREN","30.643","","50.9945 3.8703","Wetteren"
"WICHELEN","32.466","","50.9987 3.9535","Wichelen"
"ZELE","29.701","","51.0673 4.0359","Zele"
"ASSENEDE","32.291","","51.2245 3.704","Assenede"
"EEKLO","28.740","","51.1945 3.5622","Eeklo"
"KAPRIJKE","31.978","","51.2081 3.6271","Kaprijke"
"MALDEGEM","31.113","","51.1981 3.4504","Maldegem"
"SINT-LAUREINS","31.445","","51.26 3.5803","Sint-Laureins"
"ZELZATE","28.667","","51.198 3.8105","Zelzate"
"DE PINTE","35.750","","50.9859 3.6693","De Pinte"
"DESTELBERGEN","33.080","","51.0443 3.8094","Destelbergen"
"EVERGEM","32.268","","51.143 3.7155","Evergem"
"GAVERE","33.289","","50.929 3.69","Gavere"
"GENT","29.550","","51.0743 3.7254","Gent"
"LOCHRISTI","33.429","","51.1032 3.8571","Lochristi"
"MELLE","33.707","","50.9969 3.7964","Melle"
"MERELBEKE","34.289","","50.9743 3.7407","Merelbeke"
"MOERBEKE","32.308","","51.1824 3.945","Moerbeke"
"NAZARETH","32.971","","50.9585 3.6275","Nazareth"
"OOSTERZELE","34.166","","50.9388 3.7971","Oosterzele"
"SINT-MARTENS-LATEM","33.711","","51.0085 3.623","Sint-Martens-Latem"
"WACHTEBEKE","31.923","","51.1835 3.8685","Wachtebeke"
"ZULTE","32.045","","50.9373 3.4724","Zulte"
"DEINZE","32.333","","51.018 3.5316","Deinze"
"AALTER","32.530","","51.0953 3.4473","Aalter"
"LIEVEGEM","31.593","","51.125 3.561","Lievegem"
"OUDENAARDE","31.319","","50.8535 3.6209","Oudenaarde"
"RONSE","26.684","","50.7496 3.6077","Ronse"
"BRAKEL","31.780","","50.797 3.749","Brakel"
"KLUISBERGEN","31.269","","50.7845 3.5385","Kluisbergen"
"WORTEGEM-PETEGEM","33.778","","50.8485 3.5276","Wortegem-Petegem"
"HOREBEKE","32.429","","50.8322 3.6946","Horebeke"
"LIERDE","32.518","","50.8054 3.8364","Lierde"
"MAARKEDAL","32.887","","50.7952 3.641","Maarkedal"
"ZWALM","33.370","","50.8772 3.7239","Zwalm"
"KRUISEM","32.996","","50.9081 3.561","Kruisem"
"BEVEREN","32.004","","51.26 4.236","Beveren"
"KRUIBEKE","31.831","","51.1578 4.2918","Kruibeke"
"LOKEREN","30.340","","51.1134 3.9615","Lokeren"
"SINT-GILLIS-WAAS","32.017","","51.2298 4.1189","Sint-Gillis-Waas"
"SINT-NIKLAAS","28.347","","51.1648 4.1087","Sint-Niklaas"
"STEKENE","31.702","","51.2123 4.0285","Stekene"
"TEMSE","30.019","","51.1385 4.207","Temse"
"AAT","29.458","","50.6395 3.7729","Aat"
"BELOEIL","28.960","","50.5326 3.6886","Beloeil"
"BERNISSART","27.911","","50.4785 3.6515","Bernissart"
"BRUGELETTE","29.312","","50.6021 3.8672","Brugelette"
"CHIEVRES","30.143","","50.5712 3.784","Chièvres"
"ELZELE","30.040","","50.729 3.683","Elzele"
"VLOESBERG","29.497","","50.7535 3.7316","Vloesberg"
"FRASNES-LEZ-ANVAING","30.166","","50.6823 3.6007","Frasnes-lez-Anvaing"
"EDINGEN","30.084","","50.6725 4.0025","Edingen"
"OPZULLIK","32.285","","50.6425 3.9285","Opzullik"
"LESSEN","28.571","","50.7125 3.8331","Lessen"
"CHAPELLE-LEZ-HERLAIMONT","26.683","","50.4626 4.2876","Chapelle-lez-Herlaimont"
"CHARLEROI","23.259","","50.421 4.4345","Charleroi"
"CHATELET","24.489","","50.3972 4.5224","Châtelet"
"COURCELLES","26.607","","50.4725 4.3411","Courcelles"
"FARCIENNES","23.127","","50.4344 4.547","Farciennes"
"FLEURUS","27.076","","50.4862 4.5392","Fleurus"
"FONTAINE-L'EVEQUE","26.598","","50.4073 4.3218","Fontaine-l'Evêque"
"GERPINNES","30.787","","50.347 4.5265","Gerpinnes"
"MONTIGNY-LE-TILLEUL","30.669","","50.3763 4.3711","Montigny-le-Tilleul"
"PONT-A-CELLES","30.840","","50.5155 4.3545","Pont-à-Celles"
"AISEAU-PRESLES","26.679","","50.403 4.574","Aiseau-Presles"
"LES BONS VILLERS","30.998","","50.5278 4.4481","Les Bons Villers"
"BOUSSU","24.705","","50.4235 3.801","Boussu"
"DOUR","25.807","","50.3873 3.7869","Dour"
"FRAMERIES","25.929","","50.383 3.879","Frameries"
"HENSIES","26.878","","50.4357 3.7139","Hensies"
"JURBEKE","33.382","","50.522 3.899","Jurbeke"
"LENS","30.526","","50.578 3.944","Lens"
"BERGEN","26.512","","50.4525 3.9718","Bergen"
"QUAREGNON","24.555","","50.4378 3.8585","Quaregnon"
"QUIEVRAIN","24.409","","50.396 3.695","Quiévrain"
"SAINT-GHISLAIN","27.840","","50.49 3.788","Saint-Ghislain"
"COLFONTAINE","24.034","","50.407 3.842","Colfontaine"
"HONNELLES","29.618","","50.3435 3.6975","Honnelles"
"QUEVY","30.484","","50.3665 3.9543","Quévy"
"'S GRAVENBRAKEL","29.877","","50.617 4.183","'s Gravenbrakel"
"LE ROEULX","29.814","","50.5073 4.1061","Le Roeulx"
"ZINNIK","29.540","","50.5662 4.0384","Zinnik"
"ECAUSSINNES","29.905","","50.5628 4.1795","Ecaussinnes"
"SENEFFE","30.241","","50.549 4.261","Seneffe"
"MANAGE","26.039","","50.4931 4.239","Manage"
"ANDERLUES","26.724","","50.4037 4.2657","Anderlues"
"BEAUMONT","27.560","","50.227 4.2555","Beaumont"
"CHIMAY","25.845","","50.0409 4.3243","Chimay"
"ERQUELINNES","26.061","","50.3038 4.1386","Erquelinnes"
"FROIDCHAPELLE","26.229","","50.1425 4.3415","Froidchapelle"
"LOBBES","30.647","","50.3545 4.2435","Lobbes"
"MERBES-LE-CHATEAU","28.085","","50.321 4.1944","Merbes-le-Château"
"MOMIGNIES","24.755","","50.009 4.189","Momignies"
"THUIN","28.867","","50.3242 4.3108","Thuin"
"HAM-SUR-HEURE-NALINNES","31.940","","50.3275 4.4139","Ham-sur-Heure-Nalinnes"
"SIVRY-RANCE","27.218","","50.1601 4.2104","Sivry-Rance"
"ANTOING","27.335","","50.5561 3.4657","Antoing"
"CELLES","29.808","","50.7037 3.449","Celles"
"ESTAIMPUIS","28.370","","50.6876 3.2885","Estaimpuis"
"PECQ","29.024","","50.6851 3.3567","Pecq"
"PERUWELZ","27.385","","50.5335 3.5625","Péruwelz"
"RUMES","29.109","","50.543 3.308","Rumes"
"DOORNIK","27.630","","50.6205 3.4105","Doornik"
"BRUNEHAUT","29.582","","50.529 3.396","Brunehaut"
"LEUZE-EN-HAINAUT","28.889","","50.5972 3.6288","Leuze-en-Hainaut"
"MONT-DE-L'ENCLUS","30.670","","50.738 3.5045","Mont-de-l'Enclus"
"MOESKROEN","26.594","","50.7364 3.2511","Moeskroen"
"KOMEN-WAASTEN","27.069","","50.7515 2.9302","Komen-Waasten"
"LA LOUVIERE","25.271","","50.4736 4.1567","La Louvière"
"BINCHE","26.829","","50.398 4.203","Binche"
"ESTINNES","29.151","","50.3788 4.1007","Estinnes"
"MORLANWELZ","26.675","","50.4475 4.2436","Morlanwelz"
"AMAY","28.333","","50.553 5.3116","Amay"
"BURDINNE","33.959","","50.5815 5.0535","Burdinne"
"CLAVIER","30.596","","50.413 5.365","Clavier"
"FERRIERES","30.946","","50.4072 5.6209","Ferrières"
"HAMOIR","29.217","","50.4372 5.5551","Hamoir"
"HERON","33.239","","50.5405 5.1054","Héron"
"HOEI","26.042","","50.5035 5.1645","Hoei"
"MARCHIN","30.649","","50.4675 5.2375","Marchin"
"MODAVE","31.631","","50.4715 5.295","Modave"
"NANDRIN","33.842","","50.516 5.418","Nandrin"
"OUFFET","30.424","","50.4455 5.4605","Ouffet"
"VERLAINE","33.226","","50.6089 5.3024","Verlaine"
"VILLERS-LE-BOUILLET","31.818","","50.5933 5.2427","Villers-le-Bouillet"
"WANZE","30.398","","50.5504 5.198","Wanze"
"ANTHISNES","30.947","","50.4893 5.4984","Anthisnes"
"ENGIS","27.270","","50.5575 5.3888","Engis"
"TINLOT","32.380","","50.4751 5.3799","Tinlot"
"ANS","26.587","","50.686 5.497","Ans"
"AWANS","30.475","","50.6927 5.4552","Awans"
"AYWAILLE","29.518","","50.458 5.687","Aywaille"
"BITSINGEN","30.009","","50.7695 5.6345","Bitsingen"
"BEYNE-HEUSAY","27.353","","50.6284 5.6614","Beyne-Heusay"
"CHAUDFONTAINE","31.206","","50.582 5.6345","Chaudfontaine"
"COMBLAIN-AU-PONT","27.492","","50.4855 5.5625","Comblain-au-Pont"
"DALHEM","31.924","","50.7206 5.7591","Dalhem"
"ESNEUX","31.213","","50.5376 5.5688","Esneux"
"FLERON","27.727","","50.6152 5.6841","Fléron"
"HERSTAL","25.453","","50.6815 5.6065","Herstal"
"JUPRELLE","31.602","","50.7153 5.5463","Juprelle"
"LUIK","24.020","","50.6317 5.5904","Luik"
"OUPEYE","28.202","","50.7211 5.6415","Oupeye"
"SAINT-NICOLAS","24.489","","50.6315 5.5275","Saint-Nicolas"
"SERAING","24.050","","50.588 5.511","Seraing"
"SOUMAGNE","29.830","","50.6324 5.7312","Soumagne"
"SPRIMONT","31.913","","50.5191 5.6661","Sprimont"
"WEZET","28.102","","50.7415 5.6865","Wezet"
"GRACE-HOLLOGNE","26.343","","50.6375 5.431","Grâce-Hollogne"
"BLEGNY","30.681","","50.6743 5.7087","Blégny"
"FLEMALLE","27.204","","50.597 5.4414","Flémalle"
"NEUPRE","33.361","","50.5441 5.4882","Neupré"
"TROOZ","29.308","","50.5715 5.6655","Trooz"
"AMEL","31.624","","50.3455 6.1814","Amel"
"AUBEL","30.268","","50.7007 5.8514","Aubel"
"BAELEN","30.199","","50.585 6.037","Baelen"
"BUELLINGEN","29.683","","50.403 6.3115","Büllingen"
"BUETGENBACH","30.077","","50.458 6.195","Bütgenbach"
"DISON","23.705","","50.6155 5.876","Dison"
"EUPEN","27.765","","50.6105 6.0635","Eupen"
"HERVE","30.387","","50.6487 5.7962","Herve"
"JALHAY","32.272","","50.5309 5.9664","Jalhay"
"KELMIS","27.292","","50.7176 6.0234","Kelmis"
"LIERNEUX","29.910","","50.3077 5.7857","Lierneux"
"LIMBURG","29.413","","50.6113 5.9374","Limburg"
"LONTZEN","30.251","","50.677 6.014","Lontzen"
"MALMEDY","29.062","","50.4315 6.0416","Malmedy"
"OLNE","32.410","","50.587 5.716","Olne"
"PEPINSTER","28.381","","50.5722 5.7969","Pepinster"
"RAEREN","30.631","","50.6646 6.1264","Raeren"
"SANKT VITH","32.229","","50.2915 6.0405","Sankt Vith"
"SPA","27.131","","50.472 5.867","Spa"
"STAVELOT","29.430","","50.4165 5.9581","Stavelot"
"STOUMONT","31.278","","50.4082 5.7985","Stoumont"
"THEUX","31.410","","50.501 5.806","Theux"
"VERVIERS","24.353","","50.585 5.8668","Verviers"
"WEISMES","29.802","","50.4624 6.1248","Weismes"
"WELKENRAEDT","29.524","","50.663 5.921","Welkenraedt"
"TROIS-PONTS","29.242","","50.3555 5.9375","Trois-Ponts"
"BURG-REULAND","34.024","","50.2035 6.0929","Burg-Reuland"
"PLOMBIERES","29.028","","50.7256 5.9491","Plombières"
"THIMISTER-CLERMONT","32.149","","50.6629 5.8697","Thimister-Clermont"
"BERLOZ","32.508","","50.7038 5.2031","Berloz"
"BRAIVES","32.183","","50.6154 5.1494","Braives"
"CRISNEE","30.998","","50.7107 5.3969","Crisnée"
"DONCEEL","33.040","","50.6493 5.3261","Donceel"
"FEXHE-LE-HAUT-CLOCHER","31.442","","50.6636 5.4021","Fexhe-le-Haut-Clocher"
"GEER","33.029","","50.6705 5.1835","Geer"
"HANNUIT","31.181","","50.666 5.0731","Hannuit"
"LIJSEM","31.786","","50.7214 5.0276","Lijsem"
"OERLE","31.164","","50.7235 5.349","Oerle"
"REMICOURT","32.534","","50.6856 5.3412","Remicourt"
"SAINT-GEORGES-SUR-MEUSE","29.411","","50.5966 5.3607","Saint-Georges-sur-Meuse"
"BORGWORM","29.039","","50.692 5.2635","Borgworm"
"WASSEIGES","30.966","","50.6178 5.0244","Wasseiges"
"FAIMES","33.729","","50.647 5.2395","Faimes"
"AS","31.732","","51.007 5.559","As"
"BERINGEN","29.806","","51.0654 5.2358","Beringen"
"DIEPENBEEK","32.003","","50.9115 5.4175","Diepenbeek"
"GENK","28.371","","50.9671 5.4948","Genk"
"GINGELOM","31.918","","50.7325 5.1395","Gingelom"
"HALEN","31.847","","50.9499 5.0942","Halen"
"HASSELT","31.114","","50.9353 5.3084","Hasselt"
"HERK-DE-STAD","32.147","","50.9373 5.1779","Herk-de-Stad"
"LEOPOLDSBURG","29.103","","51.1174 5.2506","Leopoldsburg"
"LUMMEN","32.180","","50.9952 5.1831","Lummen"
"NIEUWERKERKEN","31.457","","50.881 5.235","Nieuwerkerken"
"SINT-TRUIDEN","29.779","","50.813 5.197","Sint-Truiden"
"TESSENDERLO","31.488","","51.0548 5.0692","Tessenderlo"
"ZONHOVEN","32.009","","50.9918 5.3765","Zonhoven"
"ZUTENDAAL","31.597","","50.936 5.571","Zutendaal"
"HAM","31.870","","51.1002 5.1608","Ham"
"HEUSDEN-ZOLDER","29.329","","51.0199 5.2892","Heusden-Zolder"
"BOCHOLT","30.200","","51.187 5.5637","Bocholt"
"BREE","30.408","","51.144 5.632","Bree"
"KINROOI","30.287","","51.1545 5.757","Kinrooi"
"LOMMEL","30.722","","51.2255 5.302","Lommel"
"MAASEIK","30.078","","51.0879 5.7152","Maaseik"
"PEER","30.983","","51.1284 5.4616","Peer"
"HAMONT-ACHEL","29.792","","51.26 5.5073","Hamont-Achel"
"HECHTEL-EKSEL","30.958","","51.1385 5.3463","Hechtel-Eksel"
"HOUTHALEN-HELCHTEREN","29.552","","51.0525 5.3875","Houthalen-Helchteren"
"DILSEN-STOKKEM","30.004","","51.036 5.712","Dilsen-Stokkem"
"OUDSBERGEN","31.600","","51.0749 5.5563","Oudsbergen"
"PELT","30.618","","51.22 5.4245","Pelt"
"ALKEN","31.849","","50.8784 5.2904","Alken"
"BILZEN","31.268","","50.8695 5.5325","Bilzen"
"BORGLOON","30.881","","50.807 5.364","Borgloon"
"HEERS","30.997","","50.7536 5.3119","Heers"
"HOESELT","31.590","","50.8449 5.4727","Hoeselt"
"KORTESSEM","32.026","","50.8531 5.4059","Kortessem"
"LANAKEN","30.457","","50.8994 5.6443","Lanaken"
"RIEMST","31.632","","50.8054 5.5922","Riemst"
"TONGEREN","29.909","","50.771 5.44","Tongeren"
"WELLEN","31.560","","50.8428 5.3234","Wellen"
"MAASMECHELEN","28.165","","50.969 5.678","Maasmechelen"
"VOEREN","30.772","","50.7465 5.8645","Voeren"
"AARLEN","36.845","","49.6745 5.8355","Aarlen"
"ATTERT","44.066","","49.747 5.7545","Attert"
"AUBANGE","32.590","","49.5755 5.7885","Aubange"
"MARTELANGE","34.247","","49.8111 5.7246","Martelange"
"MESSANCY","40.263","","49.6148 5.8114","Messancy"
"BASTENAKEN","31.264","","50.0156 5.7615","Bastenaken"
"BERTOGNE","32.753","","50.0632 5.646","Bertogne"
"FAUVILLERS","36.313","","49.881 5.699","Fauvillers"
"HOUFFALIZE","30.412","","50.149 5.739","Houffalize"
"VIELSALM","28.426","","50.2835 5.9035","Vielsalm"
"VAUX-SUR-SURE","32.988","","49.9342 5.6064","Vaux-sur-Sûre"
"GOUVY","30.211","","50.19 5.911","Gouvy"
"SAINTE-ODE","29.994","","50.025 5.5279","Sainte-Ode"
"DURBUY","27.988","","50.365 5.489","Durbuy"
"EREZEE","28.537","","50.2945 5.5835","Erezée"
"HOTTON","28.140","","50.2675 5.4365","Hotton"
"LA ROCHE-EN-ARDENNE","28.254","","50.1671 5.605","La Roche-en-Ardenne"
"MARCHE-EN-FAMENNE","28.428","","50.218 5.34","Marche-en-Famenne"
"NASSOGNE","29.362","","50.1395 5.3545","Nassogne"
"RENDEUX","28.636","","50.2145 5.4925","Rendeux"
"TENNEVILLE","30.734","","50.0995 5.5445","Tenneville"
"MANHAY","30.201","","50.289 5.6627","Manhay"
"BERTRIX","28.180","","49.854 5.2462","Bertrix"
"BOUILLON","26.158","","49.806 5.0831","Bouillon"
"DAVERDISSE","27.197","","50.003 5.099","Daverdisse"
"HERBEUMONT","28.861","","49.7955 5.306","Herbeumont"
"LEGLISE","34.312","","49.8175 5.5585","Léglise"
"LIBIN","30.765","","49.9782 5.2382","Libin"
"NEUFCHATEAU","31.277","","49.851 5.4332","Neufchâteau"
"PALISEUL","28.420","","49.9078 5.137","Paliseul"
"SAINT-HUBERT","28.781","","50.038 5.3445","Saint-Hubert"
"TELLIN","28.721","","50.0755 5.2255","Tellin"
"WELLIN","28.589","","50.0601 5.0985","Wellin"
"LIBRAMONT-CHEVIGNY","30.481","","49.9462 5.4225","Libramont-Chevigny"
"CHINY","29.671","","49.721 5.3955","Chiny"
"ETALLE","36.565","","49.6639 5.6088","Etalle"
"FLORENVILLE","27.547","","49.7078 5.2755","Florenville"
"MEIX-DEVANT-VIRTON","30.384","","49.6036 5.4699","Meix-devant-Virton"
"MUSSON","34.347","","49.5694 5.6808","Musson"
"SAINT-LEGER","36.963","","49.616 5.645","Saint-Léger"
"TINTIGNY","33.393","","49.686 5.4843","Tintigny"
"VIRTON","29.490","","49.5725 5.5725","Virton"
"HABAY","36.487","","49.735 5.617","Habay"
"ROUVROY","29.260","","49.536 5.4875","Rouvroy"
"ANHEE","29.718","","50.32 4.766","Anhée"
"BEAURAING","27.221","","50.0915 4.95","Beauraing"
"BIEVRE","27.747","","49.9295 5.025","Bièvre"
"CINEY","28.789","","50.2694 5.1227","Ciney"
"DINANT","26.232","","50.2495 4.9432","Dinant"
"GEDINNE","27.145","","49.9845 4.8995","Gedinne"
"HAMOIS","31.440","","50.3375 5.1645","Hamois"
"HAVELANGE","29.458","","50.3612 5.248","Havelange"
"HOUYET","28.391","","50.1915 5.0315","Houyet"
"ONHAYE","29.856","","50.263 4.815","Onhaye"
"ROCHEFORT","28.551","","50.157 5.1692","Rochefort"
"SOMME-LEUZE","30.210","","50.2995 5.3186","Somme-Leuze"
"YVOIR","30.870","","50.3225 4.9785","Yvoir"
"HASTIERE","25.125","","50.195 4.8259","Hastière"
"VRESSE-SUR-SEMOIS","25.828","","49.8503 4.9158","Vresse-sur-Semois"
"ANDENNE","28.624","","50.4895 5.063","Andenne"
"ASSESSE","32.552","","50.376 4.9985","Assesse"
"EGHEZEE","32.109","","50.5866 4.8939","Eghezée"
"FLOREFFE","32.029","","50.4352 4.7557","Floreffe"
"FOSSES-LA-VILLE","29.573","","50.3932 4.6812","Fosses-la-Ville"
"GESVES","32.338","","50.4224 5.0534","Gesves"
"METTET","30.269","","50.3205 4.675","Mettet"
"NAMEN","28.065","","50.4605 4.8727","Namen"
"OHEY","30.447","","50.4358 5.1663","Ohey"
"PROFONDEVILLE","31.430","","50.377 4.843","Profondeville"
"SOMBREFFE","31.199","","50.5266 4.6026","Sombreffe"
"SAMBREVILLE","27.268","","50.4465 4.6215","Sambreville"
"FERNELMONT","32.695","","50.554 4.9871","Fernelmont"
"JEMEPPE-SUR-SAMBRE","29.521","","50.4675 4.677","Jemeppe-sur-Sambre"
"LA BRUYERE","33.872","","50.5297 4.8099","La Bruyère"
"GEMBLOUX","31.815","","50.5543 4.7091","Gembloux"
"CERFONTAINE","28.989","","50.1815 4.4405","Cerfontaine"
"COUVIN","25.728","","50.0379 4.4809","Couvin"
"DOISCHE","26.870","","50.151 4.759","Doische"
"FLORENNE","28.348","","50.2605 4.5675","Florennes"
"PHILIPPEVILLE","27.635","","50.161 4.546","Philippeville"
"WALCOURT","30.027","","50.2725 4.4555","Walcourt"
"VIROINVAL","25.363","","50.05 4.624","Viroinval"
